"filename", "language", "C", "CUDA C++", "HTML", "comment", "blank", "total"
"f:\class_code\embedded_system\keil\experient4\EMWIN\STemWin\Config\GUIConf.c", "C", 0, 0, 0, 2, 0, 2
"f:\class_code\embedded_system\keil\experient4\HARDWARE\KEY\key.c", "C", -1, 0, 0, 0, 22, 21
"f:\class_code\embedded_system\keil\experient4\MALLOC\malloc.h", "CUDA C++", 0, 0, 0, 1, 0, 1
"f:\class_code\embedded_system\keil\experient4\OBJ\Template.build_log.htm", "HTML", 0, 0, -7, 0, 0, -7
"f:\class_code\embedded_system\keil\experient4\OBJ\Template.htm", "HTML", 0, 0, -9914, 0, -572, -10486
"f:\class_code\embedded_system\keil\experient4\USER\main.c", "C", -1, 0, 0, 1, 0, 0
"f:\class_code\embedded_system\keil\experient4\USER\mine.c", "C", 60, 0, 0, 25, 23, 108
"f:\class_code\embedded_system\keil\experient4\USER\mine.h", "C", 15, 0, 0, 0, 3, 18
"f:\class_code\embedded_system\keil\experient4\USER\task.c", "C", 71, 0, 0, -20, 1, 52
"f:\class_code\embedded_system\keil\experient4\USER\task.h", "C", 2, 0, 0, 0, 1, 3
"Total", "-", 146, 0, -9921, 9, -522, -10288