"filename", "language", "C", "CUDA C++", "Ini", "Batch", "Assembly", "HTML", "assembly(DOS)", "comment", "blank", "total"
"f:\class_code\embedded_system\keil\experient4\CORE\core_cm4.h", "CUDA C++", 0, 977, 0, 0, 0, 0, 0, 412, 384, 1773
"f:\class_code\embedded_system\keil\experient4\CORE\core_cm4_simd.h", "CUDA C++", 0, 458, 0, 0, 0, 0, 0, 59, 157, 674
"f:\class_code\embedded_system\keil\experient4\CORE\startup_stm32f40_41xxx.s", "Assembly", 0, 0, 0, 0, 350, 0, 0, 49, 36, 435
"f:\class_code\embedded_system\keil\experient4\EMWIN\Demo\GUIDEMO.c", "C", 472, 0, 0, 0, 0, 0, 0, 265, 61, 798
"f:\class_code\embedded_system\keil\experient4\EMWIN\Demo\GUIDEMO.h", "CUDA C++", 0, 167, 0, 0, 0, 0, 0, 98, 44, 309
"f:\class_code\embedded_system\keil\experient4\EMWIN\Demo\GUIDEMO_AntialiasedText.c", "C", 129, 0, 0, 0, 0, 0, 0, 129, 18, 276
"f:\class_code\embedded_system\keil\experient4\EMWIN\Demo\GUIDEMO_Automotive.c", "C", 326, 0, 0, 0, 0, 0, 0, 209, 43, 578
"f:\class_code\embedded_system\keil\experient4\EMWIN\Demo\GUIDEMO_BarGraph.c", "C", 355, 0, 0, 0, 0, 0, 0, 143, 47, 545
"f:\class_code\embedded_system\keil\experient4\EMWIN\Demo\GUIDEMO_Bitmap.c", "C", 1141, 0, 0, 0, 0, 0, 0, 112, 29, 1282
"f:\class_code\embedded_system\keil\experient4\EMWIN\Demo\GUIDEMO_ColorBar.c", "C", 79, 0, 0, 0, 0, 0, 0, 82, 14, 175
"f:\class_code\embedded_system\keil\experient4\EMWIN\Demo\GUIDEMO_Conf.c", "C", 76, 0, 0, 0, 0, 0, 0, 72, 7, 155
"f:\class_code\embedded_system\keil\experient4\EMWIN\Demo\GUIDEMO_Cursor.c", "C", 111, 0, 0, 0, 0, 0, 0, 106, 26, 243
"f:\class_code\embedded_system\keil\experient4\EMWIN\Demo\GUIDEMO_Fading.c", "C", 805, 0, 0, 0, 0, 0, 0, 160, 28, 993
"f:\class_code\embedded_system\keil\experient4\EMWIN\Demo\GUIDEMO_Graph.c", "C", 225, 0, 0, 0, 0, 0, 0, 139, 35, 399
"f:\class_code\embedded_system\keil\experient4\EMWIN\Demo\GUIDEMO_IconView.c", "C", 6417, 0, 0, 0, 0, 0, 0, 205, 41, 6663
"f:\class_code\embedded_system\keil\experient4\EMWIN\Demo\GUIDEMO_ImageFlow.c", "C", 1871, 0, 0, 0, 0, 0, 0, 102, 45, 2018
"f:\class_code\embedded_system\keil\experient4\EMWIN\Demo\GUIDEMO_Intro.c", "C", 37, 0, 0, 0, 0, 0, 0, 91, 12, 140
"f:\class_code\embedded_system\keil\experient4\EMWIN\Demo\GUIDEMO_Listview.c", "C", 225, 0, 0, 0, 0, 0, 0, 160, 27, 412
"f:\class_code\embedded_system\keil\experient4\EMWIN\Demo\GUIDEMO_RadialMenu.c", "C", 1786, 0, 0, 0, 0, 0, 0, 234, 42, 2062
"f:\class_code\embedded_system\keil\experient4\EMWIN\Demo\GUIDEMO_Resource.c", "C", 5500, 0, 0, 0, 0, 0, 0, 155, 333, 5988
"f:\class_code\embedded_system\keil\experient4\EMWIN\Demo\GUIDEMO_Skinning.c", "C", 2054, 0, 0, 0, 0, 0, 0, 198, 152, 2404
"f:\class_code\embedded_system\keil\experient4\EMWIN\Demo\GUIDEMO_Speed.c", "C", 107, 0, 0, 0, 0, 0, 0, 102, 15, 224
"f:\class_code\embedded_system\keil\experient4\EMWIN\Demo\GUIDEMO_Speedometer.c", "C", 3235, 0, 0, 0, 0, 0, 0, 446, 195, 3876
"f:\class_code\embedded_system\keil\experient4\EMWIN\Demo\GUIDEMO_Start.c", "C", 7, 0, 0, 0, 0, 0, 0, 62, 7, 76
"f:\class_code\embedded_system\keil\experient4\EMWIN\Demo\GUIDEMO_Touch.c", "C", 32, 0, 0, 0, 0, 0, 0, 8, 10, 50
"f:\class_code\embedded_system\keil\experient4\EMWIN\Demo\GUIDEMO_TransparentDialog.c", "C", 6863, 0, 0, 0, 0, 0, 0, 140, 27, 7030
"f:\class_code\embedded_system\keil\experient4\EMWIN\Demo\GUIDEMO_Treeview.c", "C", 2474, 0, 0, 0, 0, 0, 0, 190, 61, 2725
"f:\class_code\embedded_system\keil\experient4\EMWIN\Demo\GUIDEMO_VScreen.c", "C", 79, 0, 0, 0, 0, 0, 0, 82, 14, 175
"f:\class_code\embedded_system\keil\experient4\EMWIN\Demo\GUIDEMO_WashingMachine.c", "C", 11321, 0, 0, 0, 0, 0, 0, 348, 414, 12083
"f:\class_code\embedded_system\keil\experient4\EMWIN\Demo\GUIDEMO_ZoomAndRotate.c", "C", 10263, 0, 0, 0, 0, 0, 0, 199, 33, 10495
"f:\class_code\embedded_system\keil\experient4\EMWIN\Demo\test.c", "C", 3377, 0, 0, 0, 0, 0, 0, 260, 140, 3777
"f:\class_code\embedded_system\keil\experient4\EMWIN\STemWin\Config\GUIConf.c", "C", 21, 0, 0, 0, 0, 0, 0, 5, 5, 31
"f:\class_code\embedded_system\keil\experient4\EMWIN\STemWin\Config\GUIConf.h", "CUDA C++", 0, 12, 0, 0, 0, 0, 0, 0, 4, 16
"f:\class_code\embedded_system\keil\experient4\EMWIN\STemWin\Config\GUIDRV_Template.c", "C", 509, 0, 0, 0, 0, 0, 0, 376, 53, 938
"f:\class_code\embedded_system\keil\experient4\EMWIN\STemWin\Config\GUIDRV_Template.h", "CUDA C++", 0, 5, 0, 0, 0, 0, 0, 62, 7, 74
"f:\class_code\embedded_system\keil\experient4\EMWIN\STemWin\Config\GUI_X_Touch_Analog.c", "C", 36, 0, 0, 0, 0, 0, 0, 34, 8, 78
"f:\class_code\embedded_system\keil\experient4\EMWIN\STemWin\Config\LCDConf.h", "CUDA C++", 0, 3, 0, 0, 0, 0, 0, 0, 4, 7
"f:\class_code\embedded_system\keil\experient4\EMWIN\STemWin\Config\LCDConf_FlexColor_Template.c", "C", 97, 0, 0, 0, 0, 0, 0, 9, 13, 119
"f:\class_code\embedded_system\keil\experient4\EMWIN\STemWin\Config\LCDConf_FlexColor_Template.h", "CUDA C++", 0, 3, 0, 0, 0, 0, 0, 52, 5, 60
"f:\class_code\embedded_system\keil\experient4\EMWIN\STemWin\Config\LCDConf_Lin_Template.c", "C", 92, 0, 0, 0, 0, 0, 0, 158, 13, 263
"f:\class_code\embedded_system\keil\experient4\EMWIN\STemWin\Config\LCDConf_Lin_Template.h", "CUDA C++", 0, 3, 0, 0, 0, 0, 0, 52, 5, 60
"f:\class_code\embedded_system\keil\experient4\EMWIN\STemWin\OS\GUI_X.c", "C", 14, 0, 0, 0, 0, 0, 0, 95, 15, 124
"f:\class_code\embedded_system\keil\experient4\EMWIN\STemWin\OS\GUI_X_UCOSIII.c", "C", 102, 0, 0, 0, 0, 0, 0, 66, 26, 194
"f:\class_code\embedded_system\keil\experient4\EMWIN\STemWin\inc\BUTTON.h", "CUDA C++", 0, 96, 0, 0, 0, 0, 0, 111, 24, 231
"f:\class_code\embedded_system\keil\experient4\EMWIN\STemWin\inc\BUTTON_Private.h", "CUDA C++", 0, 52, 0, 0, 0, 0, 0, 81, 17, 150
"f:\class_code\embedded_system\keil\experient4\EMWIN\STemWin\inc\CALENDAR.h", "CUDA C++", 0, 52, 0, 0, 0, 0, 0, 100, 20, 172
"f:\class_code\embedded_system\keil\experient4\EMWIN\STemWin\inc\CHECKBOX.h", "CUDA C++", 0, 80, 0, 0, 0, 0, 0, 113, 26, 219
"f:\class_code\embedded_system\keil\experient4\EMWIN\STemWin\inc\CHECKBOX_Private.h", "CUDA C++", 0, 67, 0, 0, 0, 0, 0, 88, 22, 177
"f:\class_code\embedded_system\keil\experient4\EMWIN\STemWin\inc\CHOOSECOLOR.h", "CUDA C++", 0, 49, 0, 0, 0, 0, 0, 84, 17, 150
"f:\class_code\embedded_system\keil\experient4\EMWIN\STemWin\inc\CHOOSEFILE.h", "CUDA C++", 0, 55, 0, 0, 0, 0, 0, 73, 17, 145
"f:\class_code\embedded_system\keil\experient4\EMWIN\STemWin\inc\DIALOG.h", "CUDA C++", 0, 47, 0, 0, 0, 0, 0, 56, 11, 114
"f:\class_code\embedded_system\keil\experient4\EMWIN\STemWin\inc\DIALOG_Intern.h", "CUDA C++", 0, 34, 0, 0, 0, 0, 0, 74, 13, 121
"f:\class_code\embedded_system\keil\experient4\EMWIN\STemWin\inc\DROPDOWN.h", "CUDA C++", 0, 95, 0, 0, 0, 0, 0, 107, 22, 224
"f:\class_code\embedded_system\keil\experient4\EMWIN\STemWin\inc\DROPDOWN_Private.h", "CUDA C++", 0, 59, 0, 0, 0, 0, 0, 81, 18, 158
"f:\class_code\embedded_system\keil\experient4\EMWIN\STemWin\inc\EDIT.h", "CUDA C++", 0, 89, 0, 0, 0, 0, 0, 133, 20, 242
"f:\class_code\embedded_system\keil\experient4\EMWIN\STemWin\inc\EDIT_Private.h", "CUDA C++", 0, 56, 0, 0, 0, 0, 0, 82, 18, 156
"f:\class_code\embedded_system\keil\experient4\EMWIN\STemWin\inc\FRAMEWIN.h", "CUDA C++", 0, 123, 0, 0, 0, 0, 0, 137, 29, 289
"f:\class_code\embedded_system\keil\experient4\EMWIN\STemWin\inc\FRAMEWIN_Private.h", "CUDA C++", 0, 108, 0, 0, 0, 0, 0, 114, 27, 249
"f:\class_code\embedded_system\keil\experient4\EMWIN\STemWin\inc\GRAPH.h", "CUDA C++", 0, 91, 0, 0, 0, 0, 0, 95, 26, 212
"f:\class_code\embedded_system\keil\experient4\EMWIN\STemWin\inc\GRAPH_Private.h", "CUDA C++", 0, 82, 0, 0, 0, 0, 0, 75, 17, 174
"f:\class_code\embedded_system\keil\experient4\EMWIN\STemWin\inc\GUI.h", "CUDA C++", 0, 1549, 0, 0, 0, 0, 0, 511, 195, 2255
"f:\class_code\embedded_system\keil\experient4\EMWIN\STemWin\inc\GUIDRV_DCache.h", "CUDA C++", 0, 22, 0, 0, 0, 0, 0, 66, 18, 106
"f:\class_code\embedded_system\keil\experient4\EMWIN\STemWin\inc\GUIDRV_DCache_Private.h", "CUDA C++", 0, 41, 0, 0, 0, 0, 0, 95, 11, 147
"f:\class_code\embedded_system\keil\experient4\EMWIN\STemWin\inc\GUIDRV_Dist.h", "CUDA C++", 0, 20, 0, 0, 0, 0, 0, 66, 18, 104
"f:\class_code\embedded_system\keil\experient4\EMWIN\STemWin\inc\GUIDRV_FlexColor.h", "CUDA C++", 0, 120, 0, 0, 0, 0, 0, 128, 36, 284
"f:\class_code\embedded_system\keil\experient4\EMWIN\STemWin\inc\GUIDRV_FlexColor_Private.h", "CUDA C++", 0, 113, 0, 0, 0, 0, 0, 119, 24, 256
"f:\class_code\embedded_system\keil\experient4\EMWIN\STemWin\inc\GUIDRV_Generic.h", "CUDA C++", 0, 222, 0, 0, 0, 0, 0, 193, 36, 451
"f:\class_code\embedded_system\keil\experient4\EMWIN\STemWin\inc\GUIDRV_Lin.h", "CUDA C++", 0, 181, 0, 0, 0, 0, 0, 62, 32, 275
"f:\class_code\embedded_system\keil\experient4\EMWIN\STemWin\inc\GUIDRV_Lin_Opt_16.h", "CUDA C++", 0, 127, 0, 0, 0, 0, 0, 83, 7, 217
"f:\class_code\embedded_system\keil\experient4\EMWIN\STemWin\inc\GUIDRV_Lin_Opt_24.h", "CUDA C++", 0, 200, 0, 0, 0, 0, 0, 95, 5, 300
"f:\class_code\embedded_system\keil\experient4\EMWIN\STemWin\inc\GUIDRV_Lin_Opt_32.h", "CUDA C++", 0, 71, 0, 0, 0, 0, 0, 65, 5, 141
"f:\class_code\embedded_system\keil\experient4\EMWIN\STemWin\inc\GUIDRV_Lin_Opt_8.h", "CUDA C++", 0, 123, 0, 0, 0, 0, 0, 83, 5, 211
"f:\class_code\embedded_system\keil\experient4\EMWIN\STemWin\inc\GUIDRV_Lin_Private.h", "CUDA C++", 0, 433, 0, 0, 0, 0, 0, 240, 53, 726
"f:\class_code\embedded_system\keil\experient4\EMWIN\STemWin\inc\GUIDRV_NoOpt_1_8.h", "CUDA C++", 0, 9, 0, 0, 0, 0, 0, 52, 7, 68
"f:\class_code\embedded_system\keil\experient4\EMWIN\STemWin\inc\GUIDRV_Template.h", "CUDA C++", 0, 10, 0, 0, 0, 0, 0, 62, 12, 84
"f:\class_code\embedded_system\keil\experient4\EMWIN\STemWin\inc\GUIDRV_TemplateI.h", "CUDA C++", 0, 42, 0, 0, 0, 0, 0, 73, 15, 130
"f:\class_code\embedded_system\keil\experient4\EMWIN\STemWin\inc\GUIDRV_TemplateI_Private.h", "CUDA C++", 0, 74, 0, 0, 0, 0, 0, 119, 19, 212
"f:\class_code\embedded_system\keil\experient4\EMWIN\STemWin\inc\GUITDRV_ADS7846.h", "CUDA C++", 0, 40, 0, 0, 0, 0, 0, 127, 14, 181
"f:\class_code\embedded_system\keil\experient4\EMWIN\STemWin\inc\GUI_ARRAY.h", "CUDA C++", 0, 19, 0, 0, 0, 0, 0, 63, 9, 91
"f:\class_code\embedded_system\keil\experient4\EMWIN\STemWin\inc\GUI_ARRAY_Private.h", "CUDA C++", 0, 14, 0, 0, 0, 0, 0, 64, 10, 88
"f:\class_code\embedded_system\keil\experient4\EMWIN\STemWin\inc\GUI_BMP_Private.h", "CUDA C++", 0, 34, 0, 0, 0, 0, 0, 80, 11, 125
"f:\class_code\embedded_system\keil\experient4\EMWIN\STemWin\inc\GUI_ConfDefaults.h", "CUDA C++", 0, 78, 0, 0, 0, 0, 0, 75, 29, 182
"f:\class_code\embedded_system\keil\experient4\EMWIN\STemWin\inc\GUI_Debug.h", "CUDA C++", 0, 99, 0, 0, 0, 0, 0, 88, 24, 211
"f:\class_code\embedded_system\keil\experient4\EMWIN\STemWin\inc\GUI_FontIntern.h", "CUDA C++", 0, 34, 0, 0, 0, 0, 0, 56, 14, 104
"f:\class_code\embedded_system\keil\experient4\EMWIN\STemWin\inc\GUI_GIF_Private.h", "CUDA C++", 0, 52, 0, 0, 0, 0, 0, 80, 12, 144
"f:\class_code\embedded_system\keil\experient4\EMWIN\STemWin\inc\GUI_HOOK.h", "CUDA C++", 0, 19, 0, 0, 0, 0, 0, 64, 14, 97
"f:\class_code\embedded_system\keil\experient4\EMWIN\STemWin\inc\GUI_JPEG_Private.h", "CUDA C++", 0, 158, 0, 0, 0, 0, 0, 93, 24, 275
"f:\class_code\embedded_system\keil\experient4\EMWIN\STemWin\inc\GUI_Private.h", "CUDA C++", 0, 350, 0, 0, 0, 0, 0, 207, 113, 670
"f:\class_code\embedded_system\keil\experient4\EMWIN\STemWin\inc\GUI_SIM_Win32.h", "CUDA C++", 0, 47, 0, 0, 0, 0, 0, 69, 12, 128
"f:\class_code\embedded_system\keil\experient4\EMWIN\STemWin\inc\GUI_SPRITE_Private.h", "CUDA C++", 0, 13, 0, 0, 0, 0, 0, 67, 8, 88
"f:\class_code\embedded_system\keil\experient4\EMWIN\STemWin\inc\GUI_SetOrientation.h", "CUDA C++", 0, 17, 0, 0, 0, 0, 0, 68, 9, 94
"f:\class_code\embedded_system\keil\experient4\EMWIN\STemWin\inc\GUI_SetOrientationCX.h", "CUDA C++", 0, 438, 0, 0, 0, 0, 0, 153, 33, 624
"f:\class_code\embedded_system\keil\experient4\EMWIN\STemWin\inc\GUI_Type.h", "CUDA C++", 0, 427, 0, 0, 0, 0, 0, 155, 74, 656
"f:\class_code\embedded_system\keil\experient4\EMWIN\STemWin\inc\GUI_VNC.h", "CUDA C++", 0, 52, 0, 0, 0, 0, 0, 90, 17, 159
"f:\class_code\embedded_system\keil\experient4\EMWIN\STemWin\inc\GUI_Version.h", "CUDA C++", 0, 4, 0, 0, 0, 0, 0, 52, 6, 62
"f:\class_code\embedded_system\keil\experient4\EMWIN\STemWin\inc\Global.h", "CUDA C++", 0, 21, 0, 0, 0, 0, 0, 58, 6, 85
"f:\class_code\embedded_system\keil\experient4\EMWIN\STemWin\inc\HEADER.h", "CUDA C++", 0, 93, 0, 0, 0, 0, 0, 103, 25, 221
"f:\class_code\embedded_system\keil\experient4\EMWIN\STemWin\inc\HEADER_Private.h", "CUDA C++", 0, 61, 0, 0, 0, 0, 0, 69, 19, 149
"f:\class_code\embedded_system\keil\experient4\EMWIN\STemWin\inc\ICONVIEW.h", "CUDA C++", 0, 56, 0, 0, 0, 0, 0, 82, 17, 155
"f:\class_code\embedded_system\keil\experient4\EMWIN\STemWin\inc\ICONVIEW_Private.h", "CUDA C++", 0, 56, 0, 0, 0, 0, 0, 71, 14, 141
"f:\class_code\embedded_system\keil\experient4\EMWIN\STemWin\inc\IMAGE.h", "CUDA C++", 0, 35, 0, 0, 0, 0, 0, 76, 14, 125
"f:\class_code\embedded_system\keil\experient4\EMWIN\STemWin\inc\IMAGE_Private.h", "CUDA C++", 0, 50, 0, 0, 0, 0, 0, 94, 14, 158
"f:\class_code\embedded_system\keil\experient4\EMWIN\STemWin\inc\KNOB.h", "CUDA C++", 0, 34, 0, 0, 0, 0, 0, 83, 14, 131
"f:\class_code\embedded_system\keil\experient4\EMWIN\STemWin\inc\KNOB_Private.h", "CUDA C++", 0, 44, 0, 0, 0, 0, 0, 69, 11, 124
"f:\class_code\embedded_system\keil\experient4\EMWIN\STemWin\inc\LCD.h", "CUDA C++", 0, 461, 0, 0, 0, 0, 0, 204, 88, 753
"f:\class_code\embedded_system\keil\experient4\EMWIN\STemWin\inc\LCD_ConfDefaults.h", "CUDA C++", 0, 28, 0, 0, 0, 0, 0, 56, 7, 91
"f:\class_code\embedded_system\keil\experient4\EMWIN\STemWin\inc\LCD_Private.h", "CUDA C++", 0, 34, 0, 0, 0, 0, 0, 64, 12, 110
"f:\class_code\embedded_system\keil\experient4\EMWIN\STemWin\inc\LCD_Protected.h", "CUDA C++", 0, 57, 0, 0, 0, 0, 0, 68, 17, 142
"f:\class_code\embedded_system\keil\experient4\EMWIN\STemWin\inc\LCD_SIM.h", "CUDA C++", 0, 92, 0, 0, 0, 0, 0, 105, 23, 220
"f:\class_code\embedded_system\keil\experient4\EMWIN\STemWin\inc\LISTBOX.h", "CUDA C++", 0, 90, 0, 0, 0, 0, 0, 114, 26, 230
"f:\class_code\embedded_system\keil\experient4\EMWIN\STemWin\inc\LISTBOX_Private.h", "CUDA C++", 0, 65, 0, 0, 0, 0, 0, 82, 18, 165
"f:\class_code\embedded_system\keil\experient4\EMWIN\STemWin\inc\LISTVIEW.h", "CUDA C++", 0, 104, 0, 0, 0, 0, 0, 101, 19, 224
"f:\class_code\embedded_system\keil\experient4\EMWIN\STemWin\inc\LISTVIEW_Private.h", "CUDA C++", 0, 100, 0, 0, 0, 0, 0, 82, 24, 206
"f:\class_code\embedded_system\keil\experient4\EMWIN\STemWin\inc\LISTWHEEL.h", "CUDA C++", 0, 58, 0, 0, 0, 0, 0, 89, 15, 162
"f:\class_code\embedded_system\keil\experient4\EMWIN\STemWin\inc\LISTWHEEL_Private.h", "CUDA C++", 0, 58, 0, 0, 0, 0, 0, 82, 16, 156
"f:\class_code\embedded_system\keil\experient4\EMWIN\STemWin\inc\MENU.h", "CUDA C++", 0, 116, 0, 0, 0, 0, 0, 149, 27, 292
"f:\class_code\embedded_system\keil\experient4\EMWIN\STemWin\inc\MENU_Private.h", "CUDA C++", 0, 79, 0, 0, 0, 0, 0, 98, 20, 197
"f:\class_code\embedded_system\keil\experient4\EMWIN\STemWin\inc\MESSAGEBOX.h", "CUDA C++", 0, 14, 0, 0, 0, 0, 0, 58, 11, 83
"f:\class_code\embedded_system\keil\experient4\EMWIN\STemWin\inc\MULTIEDIT.h", "CUDA C++", 0, 64, 0, 0, 0, 0, 0, 87, 20, 171
"f:\class_code\embedded_system\keil\experient4\EMWIN\STemWin\inc\MULTIPAGE.h", "CUDA C++", 0, 108, 0, 0, 0, 0, 0, 99, 28, 235
"f:\class_code\embedded_system\keil\experient4\EMWIN\STemWin\inc\MULTIPAGE_Private.h", "CUDA C++", 0, 77, 0, 0, 0, 0, 0, 100, 21, 198
"f:\class_code\embedded_system\keil\experient4\EMWIN\STemWin\inc\PROGBAR.h", "CUDA C++", 0, 61, 0, 0, 0, 0, 0, 103, 23, 187
"f:\class_code\embedded_system\keil\experient4\EMWIN\STemWin\inc\PROGBAR_Private.h", "CUDA C++", 0, 51, 0, 0, 0, 0, 0, 82, 17, 150
"f:\class_code\embedded_system\keil\experient4\EMWIN\STemWin\inc\RADIO.h", "CUDA C++", 0, 61, 0, 0, 0, 0, 0, 118, 27, 206
"f:\class_code\embedded_system\keil\experient4\EMWIN\STemWin\inc\RADIO_Private.h", "CUDA C++", 0, 90, 0, 0, 0, 0, 0, 95, 30, 215
"f:\class_code\embedded_system\keil\experient4\EMWIN\STemWin\inc\SCROLLBAR.h", "CUDA C++", 0, 71, 0, 0, 0, 0, 0, 120, 26, 217
"f:\class_code\embedded_system\keil\experient4\EMWIN\STemWin\inc\SCROLLBAR_Private.h", "CUDA C++", 0, 88, 0, 0, 0, 0, 0, 94, 26, 208
"f:\class_code\embedded_system\keil\experient4\EMWIN\STemWin\inc\SLIDER.h", "CUDA C++", 0, 76, 0, 0, 0, 0, 0, 107, 21, 204
"f:\class_code\embedded_system\keil\experient4\EMWIN\STemWin\inc\SLIDER_Private.h", "CUDA C++", 0, 51, 0, 0, 0, 0, 0, 79, 15, 145
"f:\class_code\embedded_system\keil\experient4\EMWIN\STemWin\inc\SPINBOX.h", "CUDA C++", 0, 75, 0, 0, 0, 0, 0, 102, 23, 200
"f:\class_code\embedded_system\keil\experient4\EMWIN\STemWin\inc\SPINBOX_Private.h", "CUDA C++", 0, 65, 0, 0, 0, 0, 0, 88, 17, 170
"f:\class_code\embedded_system\keil\experient4\EMWIN\STemWin\inc\TEXT.h", "CUDA C++", 0, 47, 0, 0, 0, 0, 0, 101, 23, 171
"f:\class_code\embedded_system\keil\experient4\EMWIN\STemWin\inc\TEXT_Private.h", "CUDA C++", 0, 34, 0, 0, 0, 0, 0, 69, 11, 114
"f:\class_code\embedded_system\keil\experient4\EMWIN\STemWin\inc\TREEVIEW.h", "CUDA C++", 0, 124, 0, 0, 0, 0, 0, 102, 25, 251
"f:\class_code\embedded_system\keil\experient4\EMWIN\STemWin\inc\TREEVIEW_Private.h", "CUDA C++", 0, 78, 0, 0, 0, 0, 0, 78, 17, 173
"f:\class_code\embedded_system\keil\experient4\EMWIN\STemWin\inc\WIDGET.h", "CUDA C++", 0, 204, 0, 0, 0, 0, 0, 138, 51, 393
"f:\class_code\embedded_system\keil\experient4\EMWIN\STemWin\inc\WINDOW_Private.h", "CUDA C++", 0, 7, 0, 0, 0, 0, 0, 57, 8, 72
"f:\class_code\embedded_system\keil\experient4\EMWIN\STemWin\inc\WM.h", "CUDA C++", 0, 466, 0, 0, 0, 0, 0, 184, 117, 767
"f:\class_code\embedded_system\keil\experient4\EMWIN\STemWin\inc\WM_GUI.h", "CUDA C++", 0, 29, 0, 0, 0, 0, 0, 52, 12, 93
"f:\class_code\embedded_system\keil\experient4\EMWIN\STemWin\inc\WM_Intern.h", "CUDA C++", 0, 155, 0, 0, 0, 0, 0, 84, 37, 276
"f:\class_code\embedded_system\keil\experient4\FWLIB\CMSIS\Include\arm_common_tables.h", "CUDA C++", 0, 47, 0, 0, 0, 0, 0, 39, 8, 94
"f:\class_code\embedded_system\keil\experient4\FWLIB\CMSIS\Include\arm_const_structs.h", "CUDA C++", 0, 32, 0, 0, 0, 0, 0, 41, 13, 86
"f:\class_code\embedded_system\keil\experient4\FWLIB\CMSIS\Include\arm_math.h", "C", 2833, 0, 0, 0, 0, 0, 0, 3292, 1182, 7307
"f:\class_code\embedded_system\keil\experient4\FWLIB\CMSIS\Include\core_cm0.h", "CUDA C++", 0, 310, 0, 0, 0, 0, 0, 238, 135, 683
"f:\class_code\embedded_system\keil\experient4\FWLIB\CMSIS\Include\core_cm0plus.h", "CUDA C++", 0, 380, 0, 0, 0, 0, 0, 253, 161, 794
"f:\class_code\embedded_system\keil\experient4\FWLIB\CMSIS\Include\core_cm3.h", "CUDA C++", 0, 878, 0, 0, 0, 0, 0, 397, 353, 1628
"f:\class_code\embedded_system\keil\experient4\FWLIB\CMSIS\Include\core_cm4.h", "CUDA C++", 0, 977, 0, 0, 0, 0, 0, 412, 384, 1773
"f:\class_code\embedded_system\keil\experient4\FWLIB\CMSIS\Include\core_cm4_simd.h", "CUDA C++", 0, 458, 0, 0, 0, 0, 0, 59, 157, 674
"f:\class_code\embedded_system\keil\experient4\FWLIB\CMSIS\Include\core_cmFunc.h", "CUDA C++", 0, 230, 0, 0, 0, 0, 0, 288, 119, 637
"f:\class_code\embedded_system\keil\experient4\FWLIB\CMSIS\Include\core_cmInstr.h", "CUDA C++", 0, 193, 0, 0, 0, 0, 0, 366, 130, 689
"f:\class_code\embedded_system\keil\experient4\FWLIB\CMSIS\Include\core_sc000.h", "CUDA C++", 0, 384, 0, 0, 0, 0, 0, 263, 167, 814
"f:\class_code\embedded_system\keil\experient4\FWLIB\CMSIS\Include\core_sc300.h", "CUDA C++", 0, 856, 0, 0, 0, 0, 0, 396, 347, 1599
"f:\class_code\embedded_system\keil\experient4\FWLIB\STM32F4xx_StdPeriph_Driver\inc\misc.h", "CUDA C++", 0, 49, 0, 0, 0, 0, 0, 95, 35, 179
"f:\class_code\embedded_system\keil\experient4\FWLIB\STM32F4xx_StdPeriph_Driver\inc\stm32f4xx_adc.h", "CUDA C++", 0, 344, 0, 0, 0, 0, 0, 230, 83, 657
"f:\class_code\embedded_system\keil\experient4\FWLIB\STM32F4xx_StdPeriph_Driver\inc\stm32f4xx_can.h", "CUDA C++", 0, 250, 0, 0, 0, 0, 0, 281, 114, 645
"f:\class_code\embedded_system\keil\experient4\FWLIB\STM32F4xx_StdPeriph_Driver\inc\stm32f4xx_crc.h", "CUDA C++", 0, 16, 0, 0, 0, 0, 0, 52, 16, 84
"f:\class_code\embedded_system\keil\experient4\FWLIB\STM32F4xx_StdPeriph_Driver\inc\stm32f4xx_cryp.h", "CUDA C++", 0, 186, 0, 0, 0, 0, 0, 145, 54, 385
"f:\class_code\embedded_system\keil\experient4\FWLIB\STM32F4xx_StdPeriph_Driver\inc\stm32f4xx_dac.h", "CUDA C++", 0, 129, 0, 0, 0, 0, 0, 126, 50, 305
"f:\class_code\embedded_system\keil\experient4\FWLIB\STM32F4xx_StdPeriph_Driver\inc\stm32f4xx_dbgmcu.h", "CUDA C++", 0, 43, 0, 0, 0, 0, 0, 51, 16, 110
"f:\class_code\embedded_system\keil\experient4\FWLIB\STM32F4xx_StdPeriph_Driver\inc\stm32f4xx_dcmi.h", "CUDA C++", 0, 121, 0, 0, 0, 0, 0, 143, 49, 313
"f:\class_code\embedded_system\keil\experient4\FWLIB\STM32F4xx_StdPeriph_Driver\inc\stm32f4xx_dma.h", "CUDA C++", 0, 304, 0, 0, 0, 0, 0, 206, 100, 610
"f:\class_code\embedded_system\keil\experient4\FWLIB\STM32F4xx_StdPeriph_Driver\inc\stm32f4xx_dma2d.h", "CUDA C++", 0, 167, 0, 0, 0, 0, 0, 186, 123, 476
"f:\class_code\embedded_system\keil\experient4\FWLIB\STM32F4xx_StdPeriph_Driver\inc\stm32f4xx_exti.h", "CUDA C++", 0, 76, 0, 0, 0, 0, 0, 74, 34, 184
"f:\class_code\embedded_system\keil\experient4\FWLIB\STM32F4xx_StdPeriph_Driver\inc\stm32f4xx_flash.h", "CUDA C++", 0, 264, 0, 0, 0, 0, 0, 175, 50, 489
"f:\class_code\embedded_system\keil\experient4\FWLIB\STM32F4xx_StdPeriph_Driver\inc\stm32f4xx_flash_ramfunc.h", "CUDA C++", 0, 19, 0, 0, 0, 0, 0, 67, 18, 104
"f:\class_code\embedded_system\keil\experient4\FWLIB\STM32F4xx_StdPeriph_Driver\inc\stm32f4xx_fmc.h", "CUDA C++", 0, 361, 0, 0, 0, 0, 0, 554, 229, 1144
"f:\class_code\embedded_system\keil\experient4\FWLIB\STM32F4xx_StdPeriph_Driver\inc\stm32f4xx_fsmc.h", "CUDA C++", 0, 210, 0, 0, 0, 0, 0, 355, 111, 676
"f:\class_code\embedded_system\keil\experient4\FWLIB\STM32F4xx_StdPeriph_Driver\inc\stm32f4xx_gpio.h", "CUDA C++", 0, 278, 0, 0, 0, 0, 0, 155, 70, 503
"f:\class_code\embedded_system\keil\experient4\FWLIB\STM32F4xx_StdPeriph_Driver\inc\stm32f4xx_hash.h", "CUDA C++", 0, 95, 0, 0, 0, 0, 0, 119, 44, 258
"f:\class_code\embedded_system\keil\experient4\FWLIB\STM32F4xx_StdPeriph_Driver\inc\stm32f4xx_i2c.h", "CUDA C++", 0, 208, 0, 0, 0, 0, 0, 411, 93, 712
"f:\class_code\embedded_system\keil\experient4\FWLIB\STM32F4xx_StdPeriph_Driver\inc\stm32f4xx_iwdg.h", "CUDA C++", 0, 38, 0, 0, 0, 0, 0, 73, 21, 132
"f:\class_code\embedded_system\keil\experient4\FWLIB\STM32F4xx_StdPeriph_Driver\inc\stm32f4xx_ltdc.h", "CUDA C++", 0, 191, 0, 0, 0, 0, 0, 203, 138, 532
"f:\class_code\embedded_system\keil\experient4\FWLIB\STM32F4xx_StdPeriph_Driver\inc\stm32f4xx_pwr.h", "CUDA C++", 0, 74, 0, 0, 0, 0, 0, 98, 41, 213
"f:\class_code\embedded_system\keil\experient4\FWLIB\STM32F4xx_StdPeriph_Driver\inc\stm32f4xx_rcc.h", "CUDA C++", 0, 380, 0, 0, 0, 0, 0, 182, 69, 631
"f:\class_code\embedded_system\keil\experient4\FWLIB\STM32F4xx_StdPeriph_Driver\inc\stm32f4xx_rng.h", "CUDA C++", 0, 30, 0, 0, 0, 0, 0, 68, 23, 121
"f:\class_code\embedded_system\keil\experient4\FWLIB\STM32F4xx_StdPeriph_Driver\inc\stm32f4xx_rtc.h", "CUDA C++", 0, 387, 0, 0, 0, 0, 0, 371, 124, 882
"f:\class_code\embedded_system\keil\experient4\FWLIB\STM32F4xx_StdPeriph_Driver\inc\stm32f4xx_sai.h", "CUDA C++", 0, 234, 0, 0, 0, 0, 0, 267, 111, 612
"f:\class_code\embedded_system\keil\experient4\FWLIB\STM32F4xx_StdPeriph_Driver\inc\stm32f4xx_sdio.h", "CUDA C++", 0, 256, 0, 0, 0, 0, 0, 195, 86, 537
"f:\class_code\embedded_system\keil\experient4\FWLIB\STM32F4xx_StdPeriph_Driver\inc\stm32f4xx_spi.h", "CUDA C++", 0, 238, 0, 0, 0, 0, 0, 214, 98, 550
"f:\class_code\embedded_system\keil\experient4\FWLIB\STM32F4xx_StdPeriph_Driver\inc\stm32f4xx_syscfg.h", "CUDA C++", 0, 103, 0, 0, 0, 0, 0, 76, 32, 211
"f:\class_code\embedded_system\keil\experient4\FWLIB\STM32F4xx_StdPeriph_Driver\inc\stm32f4xx_tim.h", "CUDA C++", 0, 593, 0, 0, 0, 0, 0, 398, 160, 1151
"f:\class_code\embedded_system\keil\experient4\FWLIB\STM32F4xx_StdPeriph_Driver\inc\stm32f4xx_usart.h", "CUDA C++", 0, 171, 0, 0, 0, 0, 0, 183, 78, 432
"f:\class_code\embedded_system\keil\experient4\FWLIB\STM32F4xx_StdPeriph_Driver\inc\stm32f4xx_wwdg.h", "CUDA C++", 0, 28, 0, 0, 0, 0, 0, 62, 22, 112
"f:\class_code\embedded_system\keil\experient4\FWLIB\STM32F4xx_StdPeriph_Driver\src\misc.c", "C", 62, 0, 0, 0, 0, 0, 0, 163, 25, 250
"f:\class_code\embedded_system\keil\experient4\FWLIB\STM32F4xx_StdPeriph_Driver\src\stm32f4xx_adc.c", "C", 518, 0, 0, 0, 0, 0, 0, 1064, 164, 1746
"f:\class_code\embedded_system\keil\experient4\FWLIB\STM32F4xx_StdPeriph_Driver\src\stm32f4xx_can.c", "C", 749, 0, 0, 0, 0, 0, 0, 815, 137, 1701
"f:\class_code\embedded_system\keil\experient4\FWLIB\STM32F4xx_StdPeriph_Driver\src\stm32f4xx_crc.c", "C", 31, 0, 0, 0, 0, 0, 0, 85, 18, 134
"f:\class_code\embedded_system\keil\experient4\FWLIB\STM32F4xx_StdPeriph_Driver\src\stm32f4xx_cryp.c", "C", 280, 0, 0, 0, 0, 0, 0, 579, 76, 935
"f:\class_code\embedded_system\keil\experient4\FWLIB\STM32F4xx_StdPeriph_Driver\src\stm32f4xx_cryp_aes.c", "C", 1104, 0, 0, 0, 0, 0, 0, 408, 196, 1708
"f:\class_code\embedded_system\keil\experient4\FWLIB\STM32F4xx_StdPeriph_Driver\src\stm32f4xx_cryp_des.c", "C", 130, 0, 0, 0, 0, 0, 0, 137, 42, 309
"f:\class_code\embedded_system\keil\experient4\FWLIB\STM32F4xx_StdPeriph_Driver\src\stm32f4xx_cryp_tdes.c", "C", 146, 0, 0, 0, 0, 0, 0, 138, 42, 326
"f:\class_code\embedded_system\keil\experient4\FWLIB\STM32F4xx_StdPeriph_Driver\src\stm32f4xx_dac.c", "C", 203, 0, 0, 0, 0, 0, 0, 448, 64, 715
"f:\class_code\embedded_system\keil\experient4\FWLIB\STM32F4xx_StdPeriph_Driver\src\stm32f4xx_dbgmcu.c", "C", 49, 0, 0, 0, 0, 0, 0, 114, 18, 181
"f:\class_code\embedded_system\keil\experient4\FWLIB\STM32F4xx_StdPeriph_Driver\src\stm32f4xx_dcmi.c", "C", 178, 0, 0, 0, 0, 0, 0, 311, 50, 539
"f:\class_code\embedded_system\keil\experient4\FWLIB\STM32F4xx_StdPeriph_Driver\src\stm32f4xx_dma.c", "C", 424, 0, 0, 0, 0, 0, 0, 767, 111, 1302
"f:\class_code\embedded_system\keil\experient4\FWLIB\STM32F4xx_StdPeriph_Driver\src\stm32f4xx_dma2d.c", "C", 303, 0, 0, 0, 0, 0, 0, 369, 113, 785
"f:\class_code\embedded_system\keil\experient4\FWLIB\STM32F4xx_StdPeriph_Driver\src\stm32f4xx_exti.c", "C", 94, 0, 0, 0, 0, 0, 0, 179, 39, 312
"f:\class_code\embedded_system\keil\experient4\FWLIB\STM32F4xx_StdPeriph_Driver\src\stm32f4xx_flash.c", "C", 531, 0, 0, 0, 0, 0, 0, 931, 151, 1613
"f:\class_code\embedded_system\keil\experient4\FWLIB\STM32F4xx_StdPeriph_Driver\src\stm32f4xx_flash_ramfunc.c", "C", 23, 0, 0, 0, 0, 0, 0, 122, 14, 159
"f:\class_code\embedded_system\keil\experient4\FWLIB\STM32F4xx_StdPeriph_Driver\src\stm32f4xx_fmc.c", "C", 676, 0, 0, 0, 0, 0, 0, 575, 117, 1368
"f:\class_code\embedded_system\keil\experient4\FWLIB\STM32F4xx_StdPeriph_Driver\src\stm32f4xx_fsmc.c", "C", 480, 0, 0, 0, 0, 0, 0, 437, 69, 986
"f:\class_code\embedded_system\keil\experient4\FWLIB\STM32F4xx_StdPeriph_Driver\src\stm32f4xx_gpio.c", "C", 201, 0, 0, 0, 0, 0, 0, 356, 55, 612
"f:\class_code\embedded_system\keil\experient4\FWLIB\STM32F4xx_StdPeriph_Driver\src\stm32f4xx_hash.c", "C", 173, 0, 0, 0, 0, 0, 0, 497, 57, 727
"f:\class_code\embedded_system\keil\experient4\FWLIB\STM32F4xx_StdPeriph_Driver\src\stm32f4xx_hash_md5.c", "C", 147, 0, 0, 0, 0, 0, 0, 133, 41, 321
"f:\class_code\embedded_system\keil\experient4\FWLIB\STM32F4xx_StdPeriph_Driver\src\stm32f4xx_hash_sha1.c", "C", 151, 0, 0, 0, 0, 0, 0, 133, 40, 324
"f:\class_code\embedded_system\keil\experient4\FWLIB\STM32F4xx_StdPeriph_Driver\src\stm32f4xx_i2c.c", "C", 493, 0, 0, 0, 0, 0, 0, 867, 103, 1463
"f:\class_code\embedded_system\keil\experient4\FWLIB\STM32F4xx_StdPeriph_Driver\src\stm32f4xx_iwdg.c", "C", 40, 0, 0, 0, 0, 0, 0, 203, 24, 267
"f:\class_code\embedded_system\keil\experient4\FWLIB\STM32F4xx_StdPeriph_Driver\src\stm32f4xx_ltdc.c", "C", 480, 0, 0, 0, 0, 0, 0, 470, 161, 1111
"f:\class_code\embedded_system\keil\experient4\FWLIB\STM32F4xx_StdPeriph_Driver\src\stm32f4xx_pwr.c", "C", 202, 0, 0, 0, 0, 0, 0, 643, 95, 940
"f:\class_code\embedded_system\keil\experient4\FWLIB\STM32F4xx_StdPeriph_Driver\src\stm32f4xx_rcc.c", "C", 624, 0, 0, 0, 0, 0, 0, 1484, 200, 2308
"f:\class_code\embedded_system\keil\experient4\FWLIB\STM32F4xx_StdPeriph_Driver\src\stm32f4xx_rng.c", "C", 73, 0, 0, 0, 0, 0, 0, 292, 33, 398
"f:\class_code\embedded_system\keil\experient4\FWLIB\STM32F4xx_StdPeriph_Driver\src\stm32f4xx_rtc.c", "C", 1054, 0, 0, 0, 0, 0, 0, 1413, 295, 2762
"f:\class_code\embedded_system\keil\experient4\FWLIB\STM32F4xx_StdPeriph_Driver\src\stm32f4xx_sai.c", "C", 268, 0, 0, 0, 0, 0, 0, 733, 79, 1080
"f:\class_code\embedded_system\keil\experient4\FWLIB\STM32F4xx_StdPeriph_Driver\src\stm32f4xx_sdio.c", "C", 244, 0, 0, 0, 0, 0, 0, 663, 105, 1012
"f:\class_code\embedded_system\keil\experient4\FWLIB\STM32F4xx_StdPeriph_Driver\src\stm32f4xx_spi.c", "C", 410, 0, 0, 0, 0, 0, 0, 802, 108, 1320
"f:\class_code\embedded_system\keil\experient4\FWLIB\STM32F4xx_StdPeriph_Driver\src\stm32f4xx_syscfg.c", "C", 59, 0, 0, 0, 0, 0, 0, 155, 27, 241
"f:\class_code\embedded_system\keil\experient4\FWLIB\STM32F4xx_StdPeriph_Driver\src\stm32f4xx_tim.c", "C", 1171, 0, 0, 0, 0, 0, 0, 1793, 402, 3366
"f:\class_code\embedded_system\keil\experient4\FWLIB\STM32F4xx_StdPeriph_Driver\src\stm32f4xx_usart.c", "C", 448, 0, 0, 0, 0, 0, 0, 922, 117, 1487
"f:\class_code\embedded_system\keil\experient4\FWLIB\STM32F4xx_StdPeriph_Driver\src\stm32f4xx_wwdg.c", "C", 61, 0, 0, 0, 0, 0, 0, 217, 30, 308
"f:\class_code\embedded_system\keil\experient4\HARDWARE\24CXX\24cxx.c", "C", 92, 0, 0, 0, 0, 0, 0, 42, 13, 147
"f:\class_code\embedded_system\keil\experient4\HARDWARE\24CXX\24cxx.h", "CUDA C++", 0, 23, 0, 0, 0, 0, 0, 13, 2, 38
"f:\class_code\embedded_system\keil\experient4\HARDWARE\ADC\adc.c", "C", 49, 0, 0, 0, 0, 0, 0, 23, 26, 98
"f:\class_code\embedded_system\keil\experient4\HARDWARE\ADC\adc.h", "CUDA C++", 0, 7, 0, 0, 0, 0, 0, 12, 17, 36
"f:\class_code\embedded_system\keil\experient4\HARDWARE\BEEP\beep.c", "C", 13, 0, 0, 0, 0, 0, 0, 15, 11, 39
"f:\class_code\embedded_system\keil\experient4\HARDWARE\BEEP\beep.h", "CUDA C++", 0, 6, 0, 0, 0, 0, 0, 13, 20, 39
"f:\class_code\embedded_system\keil\experient4\HARDWARE\IIC\myiic.c", "C", 108, 0, 0, 0, 0, 0, 0, 25, 13, 146
"f:\class_code\embedded_system\keil\experient4\HARDWARE\IIC\myiic.h", "CUDA C++", 0, 17, 0, 0, 0, 0, 0, 14, 4, 35
"f:\class_code\embedded_system\keil\experient4\HARDWARE\KEY\key.c", "C", 30, 0, 0, 0, 0, 0, 0, 22, 28, 80
"f:\class_code\embedded_system\keil\experient4\HARDWARE\KEY\key.h", "CUDA C++", 0, 14, 0, 0, 0, 0, 0, 12, 5, 31
"f:\class_code\embedded_system\keil\experient4\HARDWARE\LCD\FONT.h", "CUDA C++", 0, 294, 0, 0, 0, 0, 0, 9, 2, 305
"f:\class_code\embedded_system\keil\experient4\HARDWARE\LCD\ILI93xx.c", "C", 2593, 0, 0, 0, 0, 0, 0, 252, 175, 3020
"f:\class_code\embedded_system\keil\experient4\HARDWARE\LCD\ILI93xx.h", "CUDA C++", 0, 93, 0, 0, 0, 0, 0, 91, 24, 208
"f:\class_code\embedded_system\keil\experient4\HARDWARE\LED\led.c", "C", 13, 0, 0, 0, 0, 0, 0, 14, 5, 32
"f:\class_code\embedded_system\keil\experient4\HARDWARE\LED\led.h", "CUDA C++", 0, 7, 0, 0, 0, 0, 0, 13, 3, 23
"f:\class_code\embedded_system\keil\experient4\HARDWARE\SRAM\sram.c", "C", 116, 0, 0, 0, 0, 0, 0, 36, 22, 174
"f:\class_code\embedded_system\keil\experient4\HARDWARE\SRAM\sram.h", "CUDA C++", 0, 9, 0, 0, 0, 0, 0, 12, 3, 24
"f:\class_code\embedded_system\keil\experient4\HARDWARE\TIMER\timer.c", "C", 54, 0, 0, 0, 0, 0, 0, 30, 19, 103
"f:\class_code\embedded_system\keil\experient4\HARDWARE\TIMER\timer.h", "CUDA C++", 0, 6, 0, 0, 0, 0, 0, 12, 2, 20
"f:\class_code\embedded_system\keil\experient4\HARDWARE\TOUCH\ctiic.c", "C", 113, 0, 0, 0, 0, 0, 0, 26, 8, 147
"f:\class_code\embedded_system\keil\experient4\HARDWARE\TOUCH\ctiic.h", "CUDA C++", 0, 17, 0, 0, 0, 0, 0, 15, 4, 36
"f:\class_code\embedded_system\keil\experient4\HARDWARE\TOUCH\ft5206.c", "C", 128, 0, 0, 0, 0, 0, 0, 29, 34, 191
"f:\class_code\embedded_system\keil\experient4\HARDWARE\TOUCH\ft5206.h", "CUDA C++", 0, 23, 0, 0, 0, 0, 0, 16, 29, 68
"f:\class_code\embedded_system\keil\experient4\HARDWARE\TOUCH\gt9147.c", "C", 198, 0, 0, 0, 0, 0, 0, 34, 36, 268
"f:\class_code\embedded_system\keil\experient4\HARDWARE\TOUCH\gt9147.h", "CUDA C++", 0, 23, 0, 0, 0, 0, 0, 15, 22, 60
"f:\class_code\embedded_system\keil\experient4\HARDWARE\TOUCH\ott2001a.c", "C", 125, 0, 0, 0, 0, 0, 0, 29, 10, 164
"f:\class_code\embedded_system\keil\experient4\HARDWARE\TOUCH\ott2001a.h", "CUDA C++", 0, 26, 0, 0, 0, 0, 0, 18, 9, 53
"f:\class_code\embedded_system\keil\experient4\HARDWARE\TOUCH\touch.c", "C", 420, 0, 0, 0, 0, 0, 0, 75, 27, 522
"f:\class_code\embedded_system\keil\experient4\HARDWARE\TOUCH\touch.h", "CUDA C++", 0, 42, 0, 0, 0, 0, 0, 27, 7, 76
"f:\class_code\embedded_system\keil\experient4\MALLOC\malloc.c", "C", 115, 0, 0, 0, 0, 0, 0, 49, 13, 177
"f:\class_code\embedded_system\keil\experient4\MALLOC\malloc.h", "CUDA C++", 0, 38, 0, 0, 0, 0, 0, 20, 12, 70
"f:\class_code\embedded_system\keil\experient4\OBJ\Template.build_log.htm", "HTML", 0, 0, 0, 0, 0, 45, 0, 0, 8, 53
"f:\class_code\embedded_system\keil\experient4\OBJ\Template.htm", "HTML", 0, 0, 0, 0, 0, 8224, 0, 0, 1001, 9225
"f:\class_code\embedded_system\keil\experient4\SYSTEM\delay\delay.c", "C", 146, 0, 0, 0, 0, 0, 0, 68, 48, 262
"f:\class_code\embedded_system\keil\experient4\SYSTEM\delay\delay.h", "CUDA C++", 0, 7, 0, 0, 0, 0, 0, 26, 32, 65
"f:\class_code\embedded_system\keil\experient4\SYSTEM\sys\sys.c", "C", 20, 0, 0, 0, 0, 0, 0, 22, 19, 61
"f:\class_code\embedded_system\keil\experient4\SYSTEM\sys\sys.h", "CUDA C++", 0, 48, 0, 0, 0, 0, 0, 24, 27, 99
"f:\class_code\embedded_system\keil\experient4\SYSTEM\usart\usart.c", "C", 91, 0, 0, 0, 0, 0, 0, 45, 25, 161
"f:\class_code\embedded_system\keil\experient4\SYSTEM\usart\usart.h", "CUDA C++", 0, 11, 0, 0, 0, 0, 0, 24, 4, 39
"f:\class_code\embedded_system\keil\experient4\UCOSIII\UCOS_BSP\bsp.c", "C", 53, 0, 0, 0, 0, 0, 0, 159, 35, 247
"f:\class_code\embedded_system\keil\experient4\UCOSIII\UCOS_BSP\bsp.h", "CUDA C++", 0, 15, 0, 0, 0, 0, 0, 0, 8, 23
"f:\class_code\embedded_system\keil\experient4\UCOSIII\uC-CPU\ARM-Cortex-M4\GNU\cpu.h", "CUDA C++", 0, 308, 0, 0, 0, 0, 0, 308, 120, 736
"f:\class_code\embedded_system\keil\experient4\UCOSIII\uC-CPU\ARM-Cortex-M4\GNU\cpu_a.s", "Assembly", 0, 0, 0, 0, 250, 0, 0, 0, 39, 289
"f:\class_code\embedded_system\keil\experient4\UCOSIII\uC-CPU\ARM-Cortex-M4\GNU\cpu_c.c", "C", 362, 0, 0, 0, 0, 0, 0, 260, 117, 739
"f:\class_code\embedded_system\keil\experient4\UCOSIII\uC-CPU\ARM-Cortex-M4\IAR\cpu.h", "CUDA C++", 0, 320, 0, 0, 0, 0, 0, 309, 123, 752
"f:\class_code\embedded_system\keil\experient4\UCOSIII\uC-CPU\ARM-Cortex-M4\IAR\cpu_a.asm", "assembly(DOS)", 0, 0, 0, 0, 0, 0, 41, 199, 40, 280
"f:\class_code\embedded_system\keil\experient4\UCOSIII\uC-CPU\ARM-Cortex-M4\IAR\cpu_c.c", "C", 368, 0, 0, 0, 0, 0, 0, 260, 116, 744
"f:\class_code\embedded_system\keil\experient4\UCOSIII\uC-CPU\ARM-Cortex-M4\RealView\cpu.h", "CUDA C++", 0, 308, 0, 0, 0, 0, 0, 311, 120, 739
"f:\class_code\embedded_system\keil\experient4\UCOSIII\uC-CPU\ARM-Cortex-M4\RealView\cpu_a.asm", "assembly(DOS)", 0, 0, 0, 0, 0, 0, 43, 202, 40, 285
"f:\class_code\embedded_system\keil\experient4\UCOSIII\uC-CPU\ARM-Cortex-M4\RealView\cpu_c.c", "C", 362, 0, 0, 0, 0, 0, 0, 263, 117, 742
"f:\class_code\embedded_system\keil\experient4\UCOSIII\uC-CPU\cpu_core.c", "C", 590, 0, 0, 0, 0, 0, 0, 1505, 234, 2329
"f:\class_code\embedded_system\keil\experient4\UCOSIII\uC-CPU\cpu_core.h", "CUDA C++", 0, 314, 0, 0, 0, 0, 0, 547, 169, 1030
"f:\class_code\embedded_system\keil\experient4\UCOSIII\uC-CPU\cpu_def.h", "CUDA C++", 0, 18, 0, 0, 0, 0, 0, 178, 23, 219
"f:\class_code\embedded_system\keil\experient4\UCOSIII\uC-LIB\Ports\ARM-Cortex-M4\GNU\lib_mem_a.s", "Assembly", 0, 0, 0, 0, 273, 0, 0, 0, 37, 310
"f:\class_code\embedded_system\keil\experient4\UCOSIII\uC-LIB\Ports\ARM-Cortex-M4\IAR\lib_mem_a.asm", "assembly(DOS)", 0, 0, 0, 0, 0, 0, 178, 91, 38, 307
"f:\class_code\embedded_system\keil\experient4\UCOSIII\uC-LIB\Ports\ARM-Cortex-M4\RealView\lib_mem_a.asm", "assembly(DOS)", 0, 0, 0, 0, 0, 0, 181, 94, 38, 313
"f:\class_code\embedded_system\keil\experient4\UCOSIII\uC-LIB\lib_ascii.c", "C", 104, 0, 0, 0, 0, 0, 0, 433, 116, 653
"f:\class_code\embedded_system\keil\experient4\UCOSIII\uC-LIB\lib_ascii.h", "CUDA C++", 0, 242, 0, 0, 0, 0, 0, 482, 116, 840
"f:\class_code\embedded_system\keil\experient4\UCOSIII\uC-LIB\lib_def.h", "CUDA C++", 0, 315, 0, 0, 0, 0, 0, 691, 240, 1246
"f:\class_code\embedded_system\keil\experient4\UCOSIII\uC-LIB\lib_math.c", "C", 33, 0, 0, 0, 0, 0, 0, 205, 41, 279
"f:\class_code\embedded_system\keil\experient4\UCOSIII\uC-LIB\lib_math.h", "CUDA C++", 0, 20, 0, 0, 0, 0, 0, 172, 35, 227
"f:\class_code\embedded_system\keil\experient4\UCOSIII\uC-LIB\lib_mem.c", "C", 1172, 0, 0, 0, 0, 0, 0, 934, 311, 2417
"f:\class_code\embedded_system\keil\experient4\UCOSIII\uC-LIB\lib_mem.h", "CUDA C++", 0, 348, 0, 0, 0, 0, 0, 723, 243, 1314
"f:\class_code\embedded_system\keil\experient4\UCOSIII\uC-LIB\lib_str.c", "C", 1034, 0, 0, 0, 0, 0, 0, 2674, 330, 4038
"f:\class_code\embedded_system\keil\experient4\UCOSIII\uC-LIB\lib_str.h", "CUDA C++", 0, 129, 0, 0, 0, 0, 0, 219, 79, 427
"f:\class_code\embedded_system\keil\experient4\UCOSIII\uCOS-III\Ports\ARM-Cortex-M4\Generic\GNU\os_cpu.h", "CUDA C++", 0, 42, 0, 0, 0, 0, 0, 97, 30, 169
"f:\class_code\embedded_system\keil\experient4\UCOSIII\uCOS-III\Ports\ARM-Cortex-M4\Generic\GNU\os_cpu_a.S", "Assembly", 0, 0, 0, 0, 222, 0, 0, 0, 45, 267
"f:\class_code\embedded_system\keil\experient4\UCOSIII\uCOS-III\Ports\ARM-Cortex-M4\Generic\GNU\os_cpu_c.c", "C", 202, 0, 0, 0, 0, 0, 0, 318, 65, 585
"f:\class_code\embedded_system\keil\experient4\UCOSIII\uCOS-III\Ports\ARM-Cortex-M4\Generic\IAR\os_cpu.h", "CUDA C++", 0, 42, 0, 0, 0, 0, 0, 97, 29, 168
"f:\class_code\embedded_system\keil\experient4\UCOSIII\uCOS-III\Ports\ARM-Cortex-M4\Generic\IAR\os_cpu_a.asm", "assembly(DOS)", 0, 0, 0, 0, 0, 0, 100, 116, 43, 259
"f:\class_code\embedded_system\keil\experient4\UCOSIII\uCOS-III\Ports\ARM-Cortex-M4\Generic\IAR\os_cpu_c.c", "C", 202, 0, 0, 0, 0, 0, 0, 318, 65, 585
"f:\class_code\embedded_system\keil\experient4\UCOSIII\uCOS-III\Ports\ARM-Cortex-M4\Generic\RealView\os_cpu.h", "CUDA C++", 0, 42, 0, 0, 0, 0, 0, 97, 30, 169
"f:\class_code\embedded_system\keil\experient4\UCOSIII\uCOS-III\Ports\ARM-Cortex-M4\Generic\RealView\os_cpu_a.asm", "assembly(DOS)", 0, 0, 0, 0, 0, 0, 80, 100, 38, 218
"f:\class_code\embedded_system\keil\experient4\UCOSIII\uCOS-III\Ports\ARM-Cortex-M4\Generic\RealView\os_cpu_c.c", "C", 198, 0, 0, 0, 0, 0, 0, 201, 65, 464
"f:\class_code\embedded_system\keil\experient4\UCOSIII\uCOS-III\Source\os.h", "CUDA C++", 0, 1432, 0, 0, 0, 0, 0, 459, 544, 2435
"f:\class_code\embedded_system\keil\experient4\UCOSIII\uCOS-III\Source\os_cfg_app.c", "C", 187, 0, 0, 0, 0, 0, 0, 69, 48, 304
"f:\class_code\embedded_system\keil\experient4\UCOSIII\uCOS-III\Source\os_core.c", "C", 1113, 0, 0, 0, 0, 0, 0, 1243, 287, 2643
"f:\class_code\embedded_system\keil\experient4\UCOSIII\uCOS-III\Source\os_dbg.c", "C", 331, 0, 0, 0, 0, 0, 0, 62, 99, 492
"f:\class_code\embedded_system\keil\experient4\UCOSIII\uCOS-III\Source\os_flag.c", "C", 760, 0, 0, 0, 0, 0, 0, 383, 127, 1270
"f:\class_code\embedded_system\keil\experient4\UCOSIII\uCOS-III\Source\os_int.c", "C", 234, 0, 0, 0, 0, 0, 0, 128, 47, 409
"f:\class_code\embedded_system\keil\experient4\UCOSIII\uCOS-III\Source\os_mem.c", "C", 180, 0, 0, 0, 0, 0, 0, 132, 37, 349
"f:\class_code\embedded_system\keil\experient4\UCOSIII\uCOS-III\Source\os_msg.c", "C", 179, 0, 0, 0, 0, 0, 0, 156, 35, 370
"f:\class_code\embedded_system\keil\experient4\UCOSIII\uCOS-III\Source\os_mutex.c", "C", 529, 0, 0, 0, 0, 0, 0, 244, 102, 875
"f:\class_code\embedded_system\keil\experient4\UCOSIII\uCOS-III\Source\os_pend_multi.c", "C", 228, 0, 0, 0, 0, 0, 0, 169, 50, 447
"f:\class_code\embedded_system\keil\experient4\UCOSIII\uCOS-III\Source\os_prio.c", "C", 48, 0, 0, 0, 0, 0, 0, 87, 21, 156
"f:\class_code\embedded_system\keil\experient4\UCOSIII\uCOS-III\Source\os_q.c", "C", 546, 0, 0, 0, 0, 0, 0, 331, 105, 982
"f:\class_code\embedded_system\keil\experient4\UCOSIII\uCOS-III\Source\os_sem.c", "C", 553, 0, 0, 0, 0, 0, 0, 306, 107, 966
"f:\class_code\embedded_system\keil\experient4\UCOSIII\uCOS-III\Source\os_stat.c", "C", 337, 0, 0, 0, 0, 0, 0, 113, 69, 519
"f:\class_code\embedded_system\keil\experient4\UCOSIII\uCOS-III\Source\os_task.c", "C", 1504, 0, 0, 0, 0, 0, 0, 734, 313, 2551
"f:\class_code\embedded_system\keil\experient4\UCOSIII\uCOS-III\Source\os_tick.c", "C", 293, 0, 0, 0, 0, 0, 0, 169, 56, 518
"f:\class_code\embedded_system\keil\experient4\UCOSIII\uCOS-III\Source\os_time.c", "C", 311, 0, 0, 0, 0, 0, 0, 194, 68, 573
"f:\class_code\embedded_system\keil\experient4\UCOSIII\uCOS-III\Source\os_tmr.c", "C", 635, 0, 0, 0, 0, 0, 0, 336, 134, 1105
"f:\class_code\embedded_system\keil\experient4\UCOSIII\uCOS-III\Source\os_type.h", "CUDA C++", 0, 31, 0, 0, 0, 0, 0, 37, 26, 94
"f:\class_code\embedded_system\keil\experient4\UCOSIII\uCOS-III\Source\os_var.c", "C", 6, 0, 0, 0, 0, 0, 0, 31, 4, 41
"f:\class_code\embedded_system\keil\experient4\UCOSIII\uCOS_CONFIG\app_cfg.h", "CUDA C++", 0, 26, 0, 0, 0, 0, 0, 4, 14, 44
"f:\class_code\embedded_system\keil\experient4\UCOSIII\uCOS_CONFIG\cpu_cfg.h", "CUDA C++", 0, 15, 0, 0, 0, 0, 0, 135, 24, 174
"f:\class_code\embedded_system\keil\experient4\UCOSIII\uCOS_CONFIG\includes.h", "C", 18, 0, 0, 0, 0, 0, 0, 48, 17, 83
"f:\class_code\embedded_system\keil\experient4\UCOSIII\uCOS_CONFIG\lib_cfg.h", "CUDA C++", 0, 12, 0, 0, 0, 0, 0, 124, 27, 163
"f:\class_code\embedded_system\keil\experient4\UCOSIII\uCOS_CONFIG\os_app_hooks.c", "C", 60, 0, 0, 0, 0, 0, 0, 158, 33, 251
"f:\class_code\embedded_system\keil\experient4\UCOSIII\uCOS_CONFIG\os_app_hooks.h", "CUDA C++", 0, 19, 0, 0, 0, 0, 0, 42, 12, 73
"f:\class_code\embedded_system\keil\experient4\UCOSIII\uCOS_CONFIG\os_cfg.h", "CUDA C++", 0, 46, 0, 0, 0, 0, 0, 41, 27, 114
"f:\class_code\embedded_system\keil\experient4\UCOSIII\uCOS_CONFIG\os_cfg_app.h", "CUDA C++", 0, 20, 0, 0, 0, 0, 0, 42, 14, 76
"f:\class_code\embedded_system\keil\experient4\USER\JLinkSettings.ini", "Ini", 0, 0, 34, 0, 0, 0, 0, 0, 1, 35
"f:\class_code\embedded_system\keil\experient4\USER\main.c", "C", 36, 0, 0, 0, 0, 0, 0, 19, 5, 60
"f:\class_code\embedded_system\keil\experient4\USER\mine.c", "C", 120, 0, 0, 0, 0, 0, 0, 59, 42, 221
"f:\class_code\embedded_system\keil\experient4\USER\mine.h", "C", 33, 0, 0, 0, 0, 0, 0, 0, 16, 49
"f:\class_code\embedded_system\keil\experient4\USER\stm32f4xx.h", "CUDA C++", 0, 7034, 0, 0, 0, 0, 0, 1016, 1126, 9176
"f:\class_code\embedded_system\keil\experient4\USER\stm32f4xx_conf.h", "CUDA C++", 0, 64, 0, 0, 0, 0, 0, 48, 14, 126
"f:\class_code\embedded_system\keil\experient4\USER\stm32f4xx_it.c", "C", 34, 0, 0, 0, 0, 0, 0, 115, 20, 169
"f:\class_code\embedded_system\keil\experient4\USER\stm32f4xx_it.h", "CUDA C++", 0, 19, 0, 0, 0, 0, 0, 33, 9, 61
"f:\class_code\embedded_system\keil\experient4\USER\system_stm32f4xx.c", "C", 368, 0, 0, 0, 0, 0, 0, 640, 123, 1131
"f:\class_code\embedded_system\keil\experient4\USER\system_stm32f4xx.h", "CUDA C++", 0, 12, 0, 0, 0, 0, 0, 72, 22, 106
"f:\class_code\embedded_system\keil\experient4\USER\task.c", "C", 286, 0, 0, 0, 0, 0, 0, 56, 49, 391
"f:\class_code\embedded_system\keil\experient4\USER\task.h", "C", 47, 0, 0, 0, 0, 0, 0, 25, 16, 88
"f:\class_code\embedded_system\keil\experient4\keilkilll.bat", "Batch", 0, 0, 0, 25, 0, 0, 0, 1, 2, 28
"Total", "-", 93431, 34495, 34, 25, 1095, 8269, 623, 68612, 22844, 229428